,prj,epoch,kid,fid
0,/IsoScopeXX/unet/redounet3d/,100,0.10942735522985458,157.92547607421875
