,prj,epoch,kid,fid
0,/IsoScopeXXnoup/aex2/,100,0.1247355118393898,161.8896484375
