,prj,epoch,kid,fid
0,/IsoScopeXXldm/aex2ed023e/,200,0.11474715918302536,152.80104064941406
