,prj,epoch,kid,fid
0,/IsoScopeXX/unet/redounetgroup/,200,0.1334533989429474,171.1920623779297
